"PACKAGE","VERSION","LICENSE","LICENSE FILES","SOURCE ARCHIVE","SOURCE SITE","DEPENDENCIES WITH LICENSES"
"gcc-final","16.2.0","GPL-3.0-with-GCC-exception","COPYING.RUNTIME","gcc-16.2.0.tar.xz","https://ftpmirror.gnu.org/gcc/gcc-16.2.0","linux-headers [GPL-2.0] musl [MIT] musl-compat-headers [BSD-3-Clause, Public Domain or CC0] skeleton-init-common [GPL-2.0-or-later] skeleton-init-sysv [GPL-2.0-or-later]"
"musl","1.2.6","MIT","COPYRIGHT","musl-1.2.6.tar.gz","http://musl.libc.org/releases","linux-headers [GPL-2.0] musl-compat-headers [BSD-3-Clause, Public Domain or CC0] skeleton-init-common [GPL-2.0-or-later] skeleton-init-sysv [GPL-2.0-or-later]"
"linux-headers","7.2.4","GPL-2.0","COPYING LICENSES/preferred/GPL-2.0 LICENSES/exceptions/Linux-syscall-note","linux-7.2.4.tar.xz","https://cdn.kernel.org/pub/linux/kernel/v7.x","skeleton-init-common [GPL-2.0-or-later] skeleton-init-sysv [GPL-2.0-or-later]"
"avahi","0.8","LGPL-2.1+","LICENSE","avahi-0.8.tar.gz","https://github.com/avahi/avahi/releases/download/v0.8","dbus [AFL-2.0 or GPL-2.0+ (dbus/dbus-arch-deps.h.in), AFL-2.1 or GPL-2.0+ (library, daemon, some tools), GPL-2.0+ (some tools), MIT (some files), Public Domain (dbus-sha), TCL (dbus-hash), LicenseRef-CMakeScripts (cmake/modules/FindGLIB2.cmake), LicenseRef-GAP (dbus/versioninfo.rc.in)] expat [MIT] gcc-final [GPL-3.0-with-GCC-exception] libdaemon [LGPL-2.1+] libevent [BSD-3-Clause, OpenBSD] libffi [MIT] libglib2 [LGPL-2.1+] libopenssl [Apache-2.0] libzlib [Zlib] linux-headers [GPL-2.0] musl [MIT] musl-compat-headers [BSD-3-Clause, Public Domain or CC0] pcre2 [BSD-3-Clause] skeleton-init-common [GPL-2.0-or-later] skeleton-init-sysv [GPL-2.0-or-later]"
"dbus","1.16.2","AFL-2.0 or GPL-2.0+ (dbus/dbus-arch-deps.h.in), AFL-2.1 or GPL-2.0+ (library, daemon, some tools), GPL-2.0+ (some tools), MIT (some files), Public Domain (dbus-sha), TCL (dbus-hash), LicenseRef-CMakeScripts (cmake/modules/FindGLIB2.cmake), LicenseRef-GAP (dbus/versioninfo.rc.in)","COPYING LICENSES/AFL-2.0.txt LICENSES/AFL-2.1.txt LICENSES/GPL-2.0-or-later.txt LICENSES/LicenseRef-CMakeScripts.txt LICENSES/LicenseRef-GAP.txt LICENSES/LicenseRef-pycrypto-orig.txt LICENSES/MIT.txt LICENSES/TCL.txt","dbus-1.16.2.tar.xz","https://dbus.freedesktop.org/releases/dbus","expat [MIT] gcc-final [GPL-3.0-with-GCC-exception] linux-headers [GPL-2.0] musl [MIT] musl-compat-headers [BSD-3-Clause, Public Domain or CC0] skeleton-init-common [GPL-2.0-or-later] skeleton-init-sysv [GPL-2.0-or-later]"
"expat","2.8.4","MIT","COPYING","expat-2.8.4.tar.xz","https://github.com/libexpat/libexpat/releases/download/R_2_8_4","gcc-final [GPL-3.0-with-GCC-exception] linux-headers [GPL-2.0] musl [MIT] musl-compat-headers [BSD-3-Clause, Public Domain or CC0] skeleton-init-common [GPL-2.0-or-later] skeleton-init-sysv [GPL-2.0-or-later]"
"libdaemon","0.14","LGPL-2.1+","LICENSE","libdaemon-0.14.tar.gz","http://0pointer.de/lennart/projects/libdaemon","gcc-final [GPL-3.0-with-GCC-exception] linux-headers [GPL-2.0] musl [MIT] musl-compat-headers [BSD-3-Clause, Public Domain or CC0] skeleton-init-common [GPL-2.0-or-later] skeleton-init-sysv [GPL-2.0-or-later]"
"libevent","2.1.13","BSD-3-Clause, OpenBSD","LICENSE","libevent-2.1.13-stable.tar.gz","https://github.com/libevent/libevent/releases/download/release-2.1.13-stable","gcc-final [GPL-3.0-with-GCC-exception] libopenssl [Apache-2.0] libzlib [Zlib] linux-headers [GPL-2.0] musl [MIT] musl-compat-headers [BSD-3-Clause, Public Domain or CC0] skeleton-init-common [GPL-2.0-or-later] skeleton-init-sysv [GPL-2.0-or-later]"
"libopenssl","3.6.4","Apache-2.0","LICENSE.txt","openssl-3.6.4.tar.gz","https://github.com/openssl/openssl/releases/download/openssl-3.6.4","gcc-final [GPL-3.0-with-GCC-exception] libzlib [Zlib] linux-headers [GPL-2.0] musl [MIT] musl-compat-headers [BSD-3-Clause, Public Domain or CC0] skeleton-init-common [GPL-2.0-or-later] skeleton-init-sysv [GPL-2.0-or-later]"
"libzlib","1.3.2","Zlib","LICENSE","zlib-1.3.2.tar.xz","https://www.zlib.net","gcc-final [GPL-3.0-with-GCC-exception] linux-headers [GPL-2.0] musl [MIT] musl-compat-headers [BSD-3-Clause, Public Domain or CC0] skeleton-init-common [GPL-2.0-or-later] skeleton-init-sysv [GPL-2.0-or-later]"
"libglib2","2.88.3","LGPL-2.1+","COPYING","glib-2.88.3.tar.xz","https://download.gnome.org/sources/glib/2.88","gcc-final [GPL-3.0-with-GCC-exception] libffi [MIT] libzlib [Zlib] linux-headers [GPL-2.0] musl [MIT] musl-compat-headers [BSD-3-Clause, Public Domain or CC0] pcre2 [BSD-3-Clause] skeleton-init-common [GPL-2.0-or-later] skeleton-init-sysv [GPL-2.0-or-later]"
"libffi","3.8.0","MIT","LICENSE","libffi-3.8.0.tar.gz","https://github.com/libffi/libffi/releases/download/v3.8.0","gcc-final [GPL-3.0-with-GCC-exception] linux-headers [GPL-2.0] musl [MIT] musl-compat-headers [BSD-3-Clause, Public Domain or CC0] skeleton-init-common [GPL-2.0-or-later] skeleton-init-sysv [GPL-2.0-or-later]"
"pcre2","10.47","BSD-3-Clause","LICENCE.md","pcre2-10.47.tar.bz2","https://github.com/PCRE2Project/pcre2/releases/download/pcre2-10.47","gcc-final [GPL-3.0-with-GCC-exception] linux-headers [GPL-2.0] musl [MIT] musl-compat-headers [BSD-3-Clause, Public Domain or CC0] skeleton-init-common [GPL-2.0-or-later] skeleton-init-sysv [GPL-2.0-or-later]"
"bash","5.2.37","GPL-3.0+","COPYING","bash-5.2.37.tar.gz","https://ftpmirror.gnu.org/bash","gcc-final [GPL-3.0-with-GCC-exception] linux-headers [GPL-2.0] musl [MIT] musl-compat-headers [BSD-3-Clause, Public Domain or CC0] ncurses [MIT with advertising clause] readline [GPL-3.0+] skeleton-init-common [GPL-2.0-or-later] skeleton-init-sysv [GPL-2.0-or-later]"
"ncurses","6.6-20251231","MIT with advertising clause","COPYING","ncurses-6.6-20251231.tar.gz","https://github.com/ThomasDickey/ncurses-snapshots/archive/v6_6_20251231","gcc-final [GPL-3.0-with-GCC-exception] linux-headers [GPL-2.0] musl [MIT] musl-compat-headers [BSD-3-Clause, Public Domain or CC0] skeleton-init-common [GPL-2.0-or-later] skeleton-init-sysv [GPL-2.0-or-later]"
"readline","8.3","GPL-3.0+","COPYING","readline-8.3.tar.gz","https://ftpmirror.gnu.org/readline","gcc-final [GPL-3.0-with-GCC-exception] linux-headers [GPL-2.0] musl [MIT] musl-compat-headers [BSD-3-Clause, Public Domain or CC0] ncurses [MIT with advertising clause] skeleton-init-common [GPL-2.0-or-later] skeleton-init-sysv [GPL-2.0-or-later]"
"bluez5_utils-headers","5.86","GPL-2.0+, LGPL-2.1+","COPYING COPYING.LIB","bluez-5.86.tar.xz","https://cdn.kernel.org/pub/linux/bluetooth","gcc-final [GPL-3.0-with-GCC-exception] linux-headers [GPL-2.0] musl [MIT] musl-compat-headers [BSD-3-Clause, Public Domain or CC0] skeleton-init-common [GPL-2.0-or-later] skeleton-init-sysv [GPL-2.0-or-later]"
"bluez5_utils","5.86","GPL-2.0+, LGPL-2.1+","COPYING COPYING.LIB","bluez-5.86.tar.xz","https://cdn.kernel.org/pub/linux/bluetooth","bluez5_utils-headers [GPL-2.0+, LGPL-2.1+] dbus [AFL-2.0 or GPL-2.0+ (dbus/dbus-arch-deps.h.in), AFL-2.1 or GPL-2.0+ (library, daemon, some tools), GPL-2.0+ (some tools), MIT (some files), Public Domain (dbus-sha), TCL (dbus-hash), LicenseRef-CMakeScripts (cmake/modules/FindGLIB2.cmake), LicenseRef-GAP (dbus/versioninfo.rc.in)] eudev [GPL-2.0+ (programs), LGPL-2.1+ (libraries)] expat [MIT] gcc-final [GPL-3.0-with-GCC-exception] kmod [LGPL-2.1+ (library)] libffi [MIT] libglib2 [LGPL-2.1+] libopenssl [Apache-2.0] libzlib [Zlib] linux-headers [GPL-2.0] musl [MIT] musl-compat-headers [BSD-3-Clause, Public Domain or CC0] ncurses [MIT with advertising clause] pcre2 [BSD-3-Clause] readline [GPL-3.0+] skeleton-init-common [GPL-2.0-or-later] skeleton-init-sysv [GPL-2.0-or-later] util-linux-libs [LGPL-2.1+ (libblkid, libfdisk, libmount), BSD-3-Clause (libuuid)]"
"eudev","3.2.14","GPL-2.0+ (programs), LGPL-2.1+ (libraries)","COPYING","eudev-3.2.14.tar.gz","https://github.com/eudev-project/eudev/releases/download/v3.2.14","gcc-final [GPL-3.0-with-GCC-exception] kmod [LGPL-2.1+ (library)] libopenssl [Apache-2.0] libzlib [Zlib] linux-headers [GPL-2.0] musl [MIT] musl-compat-headers [BSD-3-Clause, Public Domain or CC0] skeleton-init-common [GPL-2.0-or-later] skeleton-init-sysv [GPL-2.0-or-later] util-linux-libs [LGPL-2.1+ (libblkid, libfdisk, libmount), BSD-3-Clause (libuuid)]"
"kmod","34.2","LGPL-2.1+ (library)","libkmod/COPYING","kmod-34.2.tar.xz","https://cdn.kernel.org/pub/linux/utils/kernel/kmod","gcc-final [GPL-3.0-with-GCC-exception] libopenssl [Apache-2.0] libzlib [Zlib] linux-headers [GPL-2.0] musl [MIT] musl-compat-headers [BSD-3-Clause, Public Domain or CC0] skeleton-init-common [GPL-2.0-or-later] skeleton-init-sysv [GPL-2.0-or-later]"
"util-linux-libs","2.41.5","LGPL-2.1+ (libblkid, libfdisk, libmount), BSD-3-Clause (libuuid)","README.licensing Documentation/licenses/COPYING.BSD-3-Clause Documentation/licenses/COPYING.LGPL-2.1-or-later","util-linux-2.41.5.tar.xz","https://cdn.kernel.org/pub/linux/utils/util-linux/v2.41","gcc-final [GPL-3.0-with-GCC-exception] linux-headers [GPL-2.0] musl [MIT] musl-compat-headers [BSD-3-Clause, Public Domain or CC0] skeleton-init-common [GPL-2.0-or-later] skeleton-init-sysv [GPL-2.0-or-later]"
"busybox","1.38.0","GPL-2.0, bzip2-1.0.6","LICENSE archival/libarchive/bz/LICENSE","busybox-1.38.0.tar.bz2","https://www.busybox.net/downloads","bash [GPL-3.0+] e2fsprogs [GPL-2.0, MIT-like with advertising clause (libss and libet)] eudev [GPL-2.0+ (programs), LGPL-2.1+ (libraries)] gcc-final [GPL-3.0-with-GCC-exception] iproute2 [GPL-2.0+] iptables [GPL-2.0] iputils [GPL-2.0+, BSD-3-Clause] kmod [LGPL-2.1+ (library)] libcap-ng [GPL-2.0+ (programs), LGPL-2.1+ (library)] libevent [BSD-3-Clause, OpenBSD] libmnl [LGPL-2.1+] libnftnl [GPL-2.0+] libopenssl [Apache-2.0] libzlib [Zlib] linux-headers [GPL-2.0] musl [MIT] musl-compat-headers [BSD-3-Clause, Public Domain or CC0] ncurses [MIT with advertising clause] ntp [NTP] pcre2 [BSD-3-Clause] readline [GPL-3.0+] skeleton-init-common [GPL-2.0-or-later] skeleton-init-sysv [GPL-2.0-or-later] sysvinit [GPL-2.0+] util-linux [GPL-2.0+, BSD-4-Clause, LGPL-2.1+ (libblkid, libfdisk, libmount), BSD-3-Clause (libuuid), BSD-2-Clause (xxhash), ISC (rfkill), MIT (hardlink, flock)] util-linux-libs [LGPL-2.1+ (libblkid, libfdisk, libmount), BSD-3-Clause (libuuid)]"
"e2fsprogs","1.47.4","GPL-2.0, MIT-like with advertising clause (libss and libet)","NOTICE lib/ss/mit-sipb-copyright.h lib/et/internal.h","e2fsprogs-1.47.4.tar.xz","https://cdn.kernel.org/pub/linux/kernel/people/tytso/e2fsprogs/v1.47.4","eudev [GPL-2.0+ (programs), LGPL-2.1+ (libraries)] gcc-final [GPL-3.0-with-GCC-exception] kmod [LGPL-2.1+ (library)] libcap-ng [GPL-2.0+ (programs), LGPL-2.1+ (library)] libopenssl [Apache-2.0] libzlib [Zlib] linux-headers [GPL-2.0] musl [MIT] musl-compat-headers [BSD-3-Clause, Public Domain or CC0] ncurses [MIT with advertising clause] pcre2 [BSD-3-Clause] readline [GPL-3.0+] skeleton-init-common [GPL-2.0-or-later] skeleton-init-sysv [GPL-2.0-or-later] util-linux [GPL-2.0+, BSD-4-Clause, LGPL-2.1+ (libblkid, libfdisk, libmount), BSD-3-Clause (libuuid), BSD-2-Clause (xxhash), ISC (rfkill), MIT (hardlink, flock)] util-linux-libs [LGPL-2.1+ (libblkid, libfdisk, libmount), BSD-3-Clause (libuuid)]"
"util-linux","2.41.5","GPL-2.0+, BSD-4-Clause, LGPL-2.1+ (libblkid, libfdisk, libmount), BSD-3-Clause (libuuid), BSD-2-Clause (xxhash), ISC (rfkill), MIT (hardlink, flock)","README.licensing Documentation/licenses/COPYING.BSD-2-Clause Documentation/licenses/COPYING.BSD-3-Clause Documentation/licenses/COPYING.BSD-4-Clause-UC Documentation/licenses/COPYING.EUPL-1.2 Documentation/licenses/COPYING.GPL-2.0-only Documentation/licenses/COPYING.GPL-2.0-or-later Documentation/licenses/COPYING.GPL-3.0-or-later Documentation/licenses/COPYING.ISC Documentation/licenses/COPYING.LGPL-2.1-or-later Documentation/licenses/COPYING.MIT","util-linux-2.41.5.tar.xz","https://cdn.kernel.org/pub/linux/utils/util-linux/v2.41","eudev [GPL-2.0+ (programs), LGPL-2.1+ (libraries)] gcc-final [GPL-3.0-with-GCC-exception] kmod [LGPL-2.1+ (library)] libcap-ng [GPL-2.0+ (programs), LGPL-2.1+ (library)] libopenssl [Apache-2.0] libzlib [Zlib] linux-headers [GPL-2.0] musl [MIT] musl-compat-headers [BSD-3-Clause, Public Domain or CC0] ncurses [MIT with advertising clause] pcre2 [BSD-3-Clause] readline [GPL-3.0+] skeleton-init-common [GPL-2.0-or-later] skeleton-init-sysv [GPL-2.0-or-later] util-linux-libs [LGPL-2.1+ (libblkid, libfdisk, libmount), BSD-3-Clause (libuuid)]"
"libcap-ng","0.9.3","GPL-2.0+ (programs), LGPL-2.1+ (library)","COPYING COPYING.LIB","libcap-ng-0.9.3.tar.gz","https://github.com/stevegrubb/libcap-ng/archive/v0.9.3","gcc-final [GPL-3.0-with-GCC-exception] linux-headers [GPL-2.0] musl [MIT] musl-compat-headers [BSD-3-Clause, Public Domain or CC0] skeleton-init-common [GPL-2.0-or-later] skeleton-init-sysv [GPL-2.0-or-later]"
"iproute2","7.1.0","GPL-2.0+","COPYING","iproute2-7.1.0.tar.xz","https://cdn.kernel.org/pub/linux/utils/net/iproute2","gcc-final [GPL-3.0-with-GCC-exception] iptables [GPL-2.0] libmnl [LGPL-2.1+] libnftnl [GPL-2.0+] linux-headers [GPL-2.0] musl [MIT] musl-compat-headers [BSD-3-Clause, Public Domain or CC0] skeleton-init-common [GPL-2.0-or-later] skeleton-init-sysv [GPL-2.0-or-later]"
"iptables","1.8.13","GPL-2.0","COPYING","iptables-1.8.13.tar.xz","https://netfilter.org/projects/iptables/files","gcc-final [GPL-3.0-with-GCC-exception] libmnl [LGPL-2.1+] libnftnl [GPL-2.0+] linux-headers [GPL-2.0] musl [MIT] musl-compat-headers [BSD-3-Clause, Public Domain or CC0] skeleton-init-common [GPL-2.0-or-later] skeleton-init-sysv [GPL-2.0-or-later]"
"libmnl","1.0.5","LGPL-2.1+","COPYING","libmnl-1.0.5.tar.bz2","https://netfilter.org/projects/libmnl/files","gcc-final [GPL-3.0-with-GCC-exception] linux-headers [GPL-2.0] musl [MIT] musl-compat-headers [BSD-3-Clause, Public Domain or CC0] skeleton-init-common [GPL-2.0-or-later] skeleton-init-sysv [GPL-2.0-or-later]"
"libnftnl","1.3.2","GPL-2.0+","COPYING","libnftnl-1.3.2.tar.xz","https://netfilter.org/projects/libnftnl/files","gcc-final [GPL-3.0-with-GCC-exception] libmnl [LGPL-2.1+] linux-headers [GPL-2.0] musl [MIT] musl-compat-headers [BSD-3-Clause, Public Domain or CC0] skeleton-init-common [GPL-2.0-or-later] skeleton-init-sysv [GPL-2.0-or-later]"
"iputils","20250605","GPL-2.0+, BSD-3-Clause","LICENSE Documentation/LICENSE.BSD3 Documentation/LICENSE.GPL2","iputils-20250605.tar.gz","https://github.com/iputils/iputils/releases/download/20250605","gcc-final [GPL-3.0-with-GCC-exception] linux-headers [GPL-2.0] musl [MIT] musl-compat-headers [BSD-3-Clause, Public Domain or CC0] skeleton-init-common [GPL-2.0-or-later] skeleton-init-sysv [GPL-2.0-or-later]"
"ntp","4.2.8p18","NTP","COPYRIGHT","ntp-4.2.8p18.tar.gz","https://www.eecis.udel.edu/~ntp/ntp_spool/ntp4/ntp-4.2","gcc-final [GPL-3.0-with-GCC-exception] libevent [BSD-3-Clause, OpenBSD] libopenssl [Apache-2.0] libzlib [Zlib] linux-headers [GPL-2.0] musl [MIT] musl-compat-headers [BSD-3-Clause, Public Domain or CC0] skeleton-init-common [GPL-2.0-or-later] skeleton-init-sysv [GPL-2.0-or-later]"
"sysvinit","3.14","GPL-2.0+","COPYING","sysvinit-3.14.tar.xz","https://github.com/slicer69/sysvinit/releases/download/3.14","gcc-final [GPL-3.0-with-GCC-exception] linux-headers [GPL-2.0] musl [MIT] musl-compat-headers [BSD-3-Clause, Public Domain or CC0] skeleton-init-common [GPL-2.0-or-later] skeleton-init-sysv [GPL-2.0-or-later]"
"ca-certificates","20260223","GPL-2.0+ (script), MPL-2.0 (data)","debian/copyright","ca-certificates_20260223.tar.xz","https://snapshot.debian.org/archive/debian/20260223T202245Z/pool/main/c/ca-certificates","gcc-final [GPL-3.0-with-GCC-exception] linux-headers [GPL-2.0] musl [MIT] musl-compat-headers [BSD-3-Clause, Public Domain or CC0] skeleton-init-common [GPL-2.0-or-later] skeleton-init-sysv [GPL-2.0-or-later]"
"dnsmasq","2.93","GPL-2.0 or GPL-3.0","COPYING COPYING-v3","dnsmasq-2.93.tar.xz","https://thekelleys.org.uk/dnsmasq","dbus [AFL-2.0 or GPL-2.0+ (dbus/dbus-arch-deps.h.in), AFL-2.1 or GPL-2.0+ (library, daemon, some tools), GPL-2.0+ (some tools), MIT (some files), Public Domain (dbus-sha), TCL (dbus-hash), LicenseRef-CMakeScripts (cmake/modules/FindGLIB2.cmake), LicenseRef-GAP (dbus/versioninfo.rc.in)] expat [MIT] gcc-final [GPL-3.0-with-GCC-exception] linux-headers [GPL-2.0] musl [MIT] musl-compat-headers [BSD-3-Clause, Public Domain or CC0] skeleton-init-common [GPL-2.0-or-later] skeleton-init-sysv [GPL-2.0-or-later]"
"ethtool","7.1","GPL-2.0","LICENSE COPYING","ethtool-7.1.tar.xz","https://cdn.kernel.org/pub/software/network/ethtool","gcc-final [GPL-3.0-with-GCC-exception] libmnl [LGPL-2.1+] linux-headers [GPL-2.0] musl [MIT] musl-compat-headers [BSD-3-Clause, Public Domain or CC0] skeleton-init-common [GPL-2.0-or-later] skeleton-init-sysv [GPL-2.0-or-later]"
"exfatprogs","1.2.9","GPL-2.0+","COPYING","exfatprogs-1.2.9.tar.xz","https://github.com/exfatprogs/exfatprogs/releases/download/1.2.9","gcc-final [GPL-3.0-with-GCC-exception] linux-headers [GPL-2.0] musl [MIT] musl-compat-headers [BSD-3-Clause, Public Domain or CC0] skeleton-init-common [GPL-2.0-or-later] skeleton-init-sysv [GPL-2.0-or-later]"
"fmt","12.2.0","MIT with exception","LICENSE","fmt-12.2.0.zip","https://github.com/fmtlib/fmt/releases/download/12.2.0","gcc-final [GPL-3.0-with-GCC-exception] linux-headers [GPL-2.0] musl [MIT] musl-compat-headers [BSD-3-Clause, Public Domain or CC0] skeleton-init-common [GPL-2.0-or-later] skeleton-init-sysv [GPL-2.0-or-later]"
"hostapd","2.12","BSD-3-Clause","README","hostapd-2.12.tar.gz","http://w1.fi/releases","gcc-final [GPL-3.0-with-GCC-exception] libnl [LGPL-2.1+] libopenssl [Apache-2.0] libzlib [Zlib] linux-headers [GPL-2.0] musl [MIT] musl-compat-headers [BSD-3-Clause, Public Domain or CC0] skeleton-init-common [GPL-2.0-or-later] skeleton-init-sysv [GPL-2.0-or-later]"
"libnl","3.12.0","LGPL-2.1+","COPYING","libnl-3.12.0.tar.gz","https://github.com/thom311/libnl/releases/download/libnl3_12_0","gcc-final [GPL-3.0-with-GCC-exception] linux-headers [GPL-2.0] musl [MIT] musl-compat-headers [BSD-3-Clause, Public Domain or CC0] skeleton-init-common [GPL-2.0-or-later] skeleton-init-sysv [GPL-2.0-or-later]"
"htop","3.5.1","GPL-2.0+","COPYING","htop-3.5.1.tar.xz","https://github.com/htop-dev/htop/releases/download/3.5.1","gcc-final [GPL-3.0-with-GCC-exception] linux-headers [GPL-2.0] musl [MIT] musl-compat-headers [BSD-3-Clause, Public Domain or CC0] ncurses [MIT with advertising clause] skeleton-init-common [GPL-2.0-or-later] skeleton-init-sysv [GPL-2.0-or-later]"
"iw","6.17","ISC","COPYING","iw-6.17.tar.xz","https://cdn.kernel.org/pub/software/network/iw","gcc-final [GPL-3.0-with-GCC-exception] libnl [LGPL-2.1+] linux-headers [GPL-2.0] musl [MIT] musl-compat-headers [BSD-3-Clause, Public Domain or CC0] skeleton-init-common [GPL-2.0-or-later] skeleton-init-sysv [GPL-2.0-or-later]"
"json-c","0.19","MIT","COPYING","json-c-0.19.tar.gz","https://s3.amazonaws.com/json-c_releases/releases","gcc-final [GPL-3.0-with-GCC-exception] linux-headers [GPL-2.0] musl [MIT] musl-compat-headers [BSD-3-Clause, Public Domain or CC0] skeleton-init-common [GPL-2.0-or-later] skeleton-init-sysv [GPL-2.0-or-later]"
"libcurl","8.22.0","curl","COPYING","curl-8.22.0.tar.xz","https://curl.se/download","gcc-final [GPL-3.0-with-GCC-exception] libopenssl [Apache-2.0] libzlib [Zlib] linux-headers [GPL-2.0] musl [MIT] musl-compat-headers [BSD-3-Clause, Public Domain or CC0] skeleton-init-common [GPL-2.0-or-later] skeleton-init-sysv [GPL-2.0-or-later]"
"libpcap","1.10.6","BSD-3-Clause","LICENSE","libpcap-1.10.6.tar.gz","https://www.tcpdump.org/release","bluez5_utils-headers [GPL-2.0+, LGPL-2.1+] gcc-final [GPL-3.0-with-GCC-exception] libnl [LGPL-2.1+] linux-headers [GPL-2.0] musl [MIT] musl-compat-headers [BSD-3-Clause, Public Domain or CC0] skeleton-init-common [GPL-2.0-or-later] skeleton-init-sysv [GPL-2.0-or-later]"
"lz4","1.10.0","BSD-2-Clause (library), GPL-2.0+ (programs)","lib/LICENSE programs/COPYING","lz4-1.10.0.tar.gz","https://github.com/lz4/lz4/archive/v1.10.0","gcc-final [GPL-3.0-with-GCC-exception] linux-headers [GPL-2.0] musl [MIT] musl-compat-headers [BSD-3-Clause, Public Domain or CC0] skeleton-init-common [GPL-2.0-or-later] skeleton-init-sysv [GPL-2.0-or-later]"
"nano","9.0","GPL-3.0+","COPYING","nano-9.0.tar.xz","https://www.nano-editor.org/dist/v9","gcc-final [GPL-3.0-with-GCC-exception] linux-headers [GPL-2.0] musl [MIT] musl-compat-headers [BSD-3-Clause, Public Domain or CC0] ncurses [MIT with advertising clause] skeleton-init-common [GPL-2.0-or-later] skeleton-init-sysv [GPL-2.0-or-later]"
"nftables","1.1.7","GPL-2.0","COPYING","nftables-1.1.7.tar.xz","https://www.netfilter.org/projects/nftables/files","gcc-final [GPL-3.0-with-GCC-exception] libmnl [LGPL-2.1+] libnftnl [GPL-2.0+] linux-headers [GPL-2.0] musl [MIT] musl-compat-headers [BSD-3-Clause, Public Domain or CC0] ncurses [MIT with advertising clause] readline [GPL-3.0+] skeleton-init-common [GPL-2.0-or-later] skeleton-init-sysv [GPL-2.0-or-later]"
"openresolv","3.13.2","BSD-2-Clause","LICENSE","openresolv-3.13.2.tar.xz","https://github.com/rsmarples/openresolv/releases/download/v3.13.2","gcc-final [GPL-3.0-with-GCC-exception] linux-headers [GPL-2.0] musl [MIT] musl-compat-headers [BSD-3-Clause, Public Domain or CC0] skeleton-init-common [GPL-2.0-or-later] skeleton-init-sysv [GPL-2.0-or-later]"
"openssh","10.5p1","BSD-3-Clause, BSD-2-Clause, Public Domain","LICENCE","openssh-10.5p1.tar.gz","https://ftp.openbsd.org/pub/OpenBSD/OpenSSH/portable","gcc-final [GPL-3.0-with-GCC-exception] libopenssl [Apache-2.0] libzlib [Zlib] linux-headers [GPL-2.0] musl [MIT] musl-compat-headers [BSD-3-Clause, Public Domain or CC0] skeleton-init-common [GPL-2.0-or-later] skeleton-init-sysv [GPL-2.0-or-later]"
"openvpn","2.7.7","GPL-2.0","COPYRIGHT.GPL","openvpn-2.7.7.tar.gz","https://swupdate.openvpn.net/community/releases","gcc-final [GPL-3.0-with-GCC-exception] libcap-ng [GPL-2.0+ (programs), LGPL-2.1+ (library)] libnl [LGPL-2.1+] libopenssl [Apache-2.0] libzlib [Zlib] linux-headers [GPL-2.0] musl [MIT] musl-compat-headers [BSD-3-Clause, Public Domain or CC0] skeleton-init-common [GPL-2.0-or-later] skeleton-init-sysv [GPL-2.0-or-later]"
"parted","3.6","GPL-3.0+","COPYING","parted-3.6.tar.xz","https://ftpmirror.gnu.org/parted","eudev [GPL-2.0+ (programs), LGPL-2.1+ (libraries)] gcc-final [GPL-3.0-with-GCC-exception] kmod [LGPL-2.1+ (library)] libcap-ng [GPL-2.0+ (programs), LGPL-2.1+ (library)] libopenssl [Apache-2.0] libzlib [Zlib] linux-headers [GPL-2.0] musl [MIT] musl-compat-headers [BSD-3-Clause, Public Domain or CC0] ncurses [MIT with advertising clause] pcre2 [BSD-3-Clause] readline [GPL-3.0+] skeleton-init-common [GPL-2.0-or-later] skeleton-init-sysv [GPL-2.0-or-later] util-linux [GPL-2.0+, BSD-4-Clause, LGPL-2.1+ (libblkid, libfdisk, libmount), BSD-3-Clause (libuuid), BSD-2-Clause (xxhash), ISC (rfkill), MIT (hardlink, flock)] util-linux-libs [LGPL-2.1+ (libblkid, libfdisk, libmount), BSD-3-Clause (libuuid)]"
"picocom","2024-07","GPL-2.0+","LICENSE.txt","picocom-2024-07.tar.gz","https://gitlab.com/wsakernel/picocom/-/archive/2024-07","gcc-final [GPL-3.0-with-GCC-exception] linux-headers [GPL-2.0] musl [MIT] musl-compat-headers [BSD-3-Clause, Public Domain or CC0] skeleton-init-common [GPL-2.0-or-later] skeleton-init-sysv [GPL-2.0-or-later]"
"popt","1.19","MIT","COPYING","popt-1.19.tar.gz","http://ftp.rpm.org/popt/releases/popt-1.x","gcc-final [GPL-3.0-with-GCC-exception] linux-headers [GPL-2.0] musl [MIT] musl-compat-headers [BSD-3-Clause, Public Domain or CC0] skeleton-init-common [GPL-2.0-or-later] skeleton-init-sysv [GPL-2.0-or-later]"
"rsync","3.5.0","GPL-3.0+ with exceptions","COPYING","rsync-3.5.0.tar.gz","https://rsync.samba.org/ftp/rsync/src","gcc-final [GPL-3.0-with-GCC-exception] libopenssl [Apache-2.0] libzlib [Zlib] linux-headers [GPL-2.0] lz4 [BSD-2-Clause (library), GPL-2.0+ (programs)] musl [MIT] musl-compat-headers [BSD-3-Clause, Public Domain or CC0] popt [MIT] skeleton-init-common [GPL-2.0-or-later] skeleton-init-sysv [GPL-2.0-or-later]"
"socat","1.8.1.3","GPL-2.0 with OpenSSL exception","README COPYING COPYING.OpenSSL","socat-1.8.1.3.tar.bz2","http://www.dest-unreach.org/socat/download","gcc-final [GPL-3.0-with-GCC-exception] libopenssl [Apache-2.0] libzlib [Zlib] linux-headers [GPL-2.0] musl [MIT] musl-compat-headers [BSD-3-Clause, Public Domain or CC0] skeleton-init-common [GPL-2.0-or-later] skeleton-init-sysv [GPL-2.0-or-later]"
"strace","7.1","LGPL-2.1+","COPYING LGPL-2.1-or-later","strace-7.1.tar.xz","https://github.com/strace/strace/releases/download/v7.1","gcc-final [GPL-3.0-with-GCC-exception] linux-headers [GPL-2.0] musl [MIT] musl-compat-headers [BSD-3-Clause, Public Domain or CC0] skeleton-init-common [GPL-2.0-or-later] skeleton-init-sysv [GPL-2.0-or-later]"
"tcpdump","4.99.6","BSD-3-Clause","LICENSE","tcpdump-4.99.6.tar.gz","https://www.tcpdump.org/release","bluez5_utils-headers [GPL-2.0+, LGPL-2.1+] gcc-final [GPL-3.0-with-GCC-exception] libnl [LGPL-2.1+] libpcap [BSD-3-Clause] linux-headers [GPL-2.0] musl [MIT] musl-compat-headers [BSD-3-Clause, Public Domain or CC0] skeleton-init-common [GPL-2.0-or-later] skeleton-init-sysv [GPL-2.0-or-later]"
"tmux","3.6b","ISC","COPYING","tmux-3.6b.tar.gz","https://github.com/tmux/tmux/releases/download/3.6b","gcc-final [GPL-3.0-with-GCC-exception] libevent [BSD-3-Clause, OpenBSD] libopenssl [Apache-2.0] libzlib [Zlib] linux-headers [GPL-2.0] musl [MIT] musl-compat-headers [BSD-3-Clause, Public Domain or CC0] ncurses [MIT with advertising clause] skeleton-init-common [GPL-2.0-or-later] skeleton-init-sysv [GPL-2.0-or-later]"
"wireguard-tools","1.0.20260223","GPL-2.0","COPYING","wireguard-tools-1.0.20260223.tar.xz","https://git.zx2c4.com/wireguard-tools/snapshot","gcc-final [GPL-3.0-with-GCC-exception] linux-headers [GPL-2.0] musl [MIT] musl-compat-headers [BSD-3-Clause, Public Domain or CC0] skeleton-init-common [GPL-2.0-or-later] skeleton-init-sysv [GPL-2.0-or-later]"
"wireless-regdb","2026.05.30","ISC","LICENSE","wireless-regdb-2026.05.30.tar.xz","https://cdn.kernel.org/pub/software/network/wireless-regdb","gcc-final [GPL-3.0-with-GCC-exception] linux-headers [GPL-2.0] musl [MIT] musl-compat-headers [BSD-3-Clause, Public Domain or CC0] skeleton-init-common [GPL-2.0-or-later] skeleton-init-sysv [GPL-2.0-or-later]"
"wireless_tools","30.pre9","GPL-2.0","COPYING","wireless_tools.30.pre9.tar.gz","https://hewlettpackard.github.io/wireless-tools","gcc-final [GPL-3.0-with-GCC-exception] linux-headers [GPL-2.0] musl [MIT] musl-compat-headers [BSD-3-Clause, Public Domain or CC0] skeleton-init-common [GPL-2.0-or-later] skeleton-init-sysv [GPL-2.0-or-later]"
"wpa_supplicant","2.12","BSD-3-Clause","README","wpa_supplicant-2.12.tar.gz","http://w1.fi/releases","gcc-final [GPL-3.0-with-GCC-exception] libnl [LGPL-2.1+] libopenssl [Apache-2.0] libzlib [Zlib] linux-headers [GPL-2.0] musl [MIT] musl-compat-headers [BSD-3-Clause, Public Domain or CC0] ncurses [MIT with advertising clause] readline [GPL-3.0+] skeleton-init-common [GPL-2.0-or-later] skeleton-init-sysv [GPL-2.0-or-later]"
"aic8800-sdio-firmware","c56f910044cc854d6c553bcb9a644f3bca5a4c38","unknown","","aic8800-sdio-firmware-c56f910044cc854d6c553bcb9a644f3bca5a4c38.tar.gz","https://github.com/lxowalle/aic8800-sdio-firmware/archive/c56f910044cc854d6c553bcb9a644f3bca5a4c38","gcc-final [GPL-3.0-with-GCC-exception] linux-headers [GPL-2.0] musl [MIT] musl-compat-headers [BSD-3-Clause, Public Domain or CC0] skeleton-init-common [GPL-2.0-or-later] skeleton-init-sysv [GPL-2.0-or-later]"
"nanokvm-board-tools","1","GPL-3.0","LICENSE","nanokvm-board-tools-1.tar.gz","tools/nanokvm_update_edid (this repository)","gcc-final [GPL-3.0-with-GCC-exception] linux-headers [GPL-2.0] musl [MIT] musl-compat-headers [BSD-3-Clause, Public Domain or CC0] skeleton-init-common [GPL-2.0-or-later] skeleton-init-sysv [GPL-2.0-or-later]"
"nkos-asio","asio-1-36-0","BSL-1.0","asio/LICENSE_1_0.txt","nkos-asio-asio-1-36-0.tar.gz","https://github.com/chriskohlhoff/asio/archive/asio-1-36-0","gcc-final [GPL-3.0-with-GCC-exception] linux-headers [GPL-2.0] musl [MIT] musl-compat-headers [BSD-3-Clause, Public Domain or CC0] skeleton-init-common [GPL-2.0-or-later] skeleton-init-sysv [GPL-2.0-or-later]"
"nkos-openvpn3","87fd40bb583cc89787c0bf4da79744f0e6d02ac3","MPL-2.0, GPL-3.0+ (NanoKVM adapter)","LICENSE.md","nkos-openvpn3-87fd40bb583cc89787c0bf4da79744f0e6d02ac3.tar.gz","https://github.com/OpenVPN/openvpn3/archive/87fd40bb583cc89787c0bf4da79744f0e6d02ac3","fmt [MIT with exception] gcc-final [GPL-3.0-with-GCC-exception] libnl [LGPL-2.1+] libopenssl [Apache-2.0] libzlib [Zlib] linux-headers [GPL-2.0] lz4 [BSD-2-Clause (library), GPL-2.0+ (programs)] musl [MIT] musl-compat-headers [BSD-3-Clause, Public Domain or CC0] nkos-asio [BSL-1.0] skeleton-init-common [GPL-2.0-or-later] skeleton-init-sysv [GPL-2.0-or-later]"
"sg2002-codec-firmware","1e339b782642ce1b2c8aa81f9fdef212912a6a83","unknown","","sg2002-codec-firmware-1e339b782642ce1b2c8aa81f9fdef212912a6a83.tar.gz","https://github.com/0x754C/sg2002_codec_fw/archive/1e339b782642ce1b2c8aa81f9fdef212912a6a83","gcc-final [GPL-3.0-with-GCC-exception] linux-headers [GPL-2.0] musl [MIT] musl-compat-headers [BSD-3-Clause, Public Domain or CC0] skeleton-init-common [GPL-2.0-or-later] skeleton-init-sysv [GPL-2.0-or-later]"
